MM001	紀念物	聖奧斯定堂	位於崗頂前地	Macau	3	[31.84320068359375,-86.08514404296875],[32.39007568359375,-85.50701904296875],[32.70257568359375,-85.61639404296875],[32.45257568359375,-86.24139404296875],[32.56195068359375,-86.28826904296875],[32.23382568359375,-87.21014404296875],[31.64007568359375,-86.99139404296875],[31.59320068359375,-86.92889404296875]
MM002	紀念物	聖安多尼堂及前地（花王堂）	位於花王堂前地	Macau	3	[34.6888427734375,-64.71441650390625],[35.4232177734375,-64.27691650390625],[36.0794677734375,-64.18316650390625],[36.2357177734375,-64.46441650390625],[35.9075927734375,-64.66754150390625],[35.4544677734375,-64.94879150390625],[35.5325927734375,-65.08941650390625],[34.9700927734375,-65.38629150390625],[34.9232177734375,-65.29254150390625],[34.7357177734375,-65.21441650390625],[34.6732177734375,-65.27691650390625],[34.5482177734375,-65.05816650390625],[34.64715576171875,-65.0029296875]
MM003	紀念物	玫瑰聖母堂（板樟堂）	位於板樟堂前地	Macau	2	[37.90655517578125,-79.1802978515625],[37.65655517578125,-78.1490478515625],[37.71905517578125,-78.1021728515625],[37.60968017578125,-77.5709228515625],[37.98468017578125,-77.4771728515625],[38.09405517578125,-77.7896728515625],[38.43780517578125,-77.7115478515625],[38.54718017578125,-77.9771728515625],[38.29718017578125,-78.0552978515625],[38.53155517578125,-78.9459228515625],[38.46905517578125,-78.9459228515625],[38.50030517578125,-79.0240478515625],[38.39093017578125,-79.0396728515625],[38.34405517578125,-79.1334228515625],[38.31280517578125,-79.2115478515625],[38.18780517578125,-79.2740478515625],[38.06280517578125,-79.2584228515625],[37.98468017578125,-79.1959228515625],[37.92218017578125,-79.1959228515625]
MM004	紀念物	望德聖母堂及前地	位於聖母堂前地	Macau	2	[52.5015869140625,-70.196044921875],[52.5015869140625,-70.133544921875],[52.9547119140625,-69.711669921875],[52.8609619140625,-69.617919921875],[53.0953369140625,-69.383544921875],[53.6734619140625,-69.946044921875],[53.1265869140625,-70.477294921875],[53.0797119140625,-70.446044921875],[52.8922119140625,-70.617919921875],[52.9703369140625,-70.727294921875],[52.6578369140625,-71.055419921875],[52.3140869140625,-70.977294921875],[51.8140869140625,-70.696044921875],[52.3765869140625,-70.102294921875]
MM005	紀念物	聖老楞佐堂及前地（風順堂）	位於風順堂街	Macau	5	[26.22174072265625,-91.273193359375],[26.26861572265625,-91.679443359375],[26.34674072265625,-91.976318359375],[26.42486572265625,-92.257568359375],[26.53424072265625,-92.554443359375],[26.67486572265625,-92.851318359375],[26.79986572265625,-93.116943359375],[27.12799072265625,-93.007568359375],[27.14361572265625,-93.148193359375],[27.47174072265625,-93.038818359375],[27.72174072265625,-92.882568359375],[27.69049072265625,-92.710693359375],[27.84674072265625,-92.554443359375],[27.65924072265625,-91.570068359375],[28.03424072265625,-91.429443359375],[27.95611572265625,-91.116943359375],[27.81549072265625,-91.132568359375],[27.73736572265625,-91.054443359375],[27.64361572265625,-91.070068359375],[27.61236572265625,-91.163818359375],[27.45611572265625,-91.210693359375],[27.34674072265625,-90.898193359375],[26.62799072265625,-91.070068359375],[26.23736572265625,-91.273193359375]
MM006	紀念物	主教座堂（大堂）	位於大堂前地	Macau	1	[40.9427490234375,-82.02362060546875],[41.4739990234375,-83.46112060546875],[42.0833740234375,-83.25799560546875],[41.9739990234375,-82.91424560546875],[42.0364990234375,-82.86737060546875],[41.9427490234375,-82.58612060546875],[42.1927490234375,-82.49237060546875],[42.1146240234375,-82.25799560546875],[42.0208740234375,-82.30487060546875],[41.9896240234375,-82.19549560546875],[41.9114990234375,-82.21112060546875],[41.7552490234375,-81.77362060546875],[41.5521240234375,-81.83612060546875],[41.4896240234375,-81.75799560546875],[41.0677490234375,-81.89862060546875],[41.1146240234375,-81.96112060546875]
MM007	紀念物	聖若瑟修院教堂、前地及石階	位於三巴仔橫街	Macau	3	[27.87628173828125,-88.224853515625],[27.97003173828125,-88.396728515625],[27.39190673828125,-88.787353515625],[27.36065673828125,-88.912353515625],[27.40753173828125,-89.006103515625],[28.11065673828125,-88.631103515625],[28.26690673828125,-88.849853515625],[28.78253173828125,-88.818603515625],[28.97003173828125,-88.724853515625],[28.86065673828125,-88.459228515625],[29.03253173828125,-88.334228515625],[28.93878173828125,-88.193603515625],[29.00128173828125,-88.162353515625],[29.07940673828125,-88.209228515625],[29.26690673828125,-88.084228515625],[29.61065673828125,-88.584228515625],[30.18878173828125,-88.224853515625],[29.84503173828125,-87.756103515625],[29.64190673828125,-87.849853515625],[29.53253173828125,-87.677978515625],[29.42315673828125,-87.709228515625],[29.26690673828125,-87.381103515625]
MM008	紀念物	聖保祿學院天主之母教堂遺址（大三巴牌坊、前地及石階）	位於耶穌會紀念廣場	Macau	6	[38.96038818359375,-69.35784912109375],[39.00726318359375,-70.34222412109375],[39.10101318359375,-70.34222412109375],[39.16351318359375,-71.49847412109375],[39.80413818359375,-71.48284912109375],[39.74163818359375,-68.04534912109375],[39.10101318359375,-68.07659912109375],[39.10101318359375,-69.34222412109375]
MM009	紀念物	望廈炮台	位於望廈炮台斜坡	Macau	1	[59.536376953125,-35.96435546875],[59.817626953125,-35.33935546875],[60.395751953125,-35.58935546875],[60.145751953125,-36.18310546875],[59.708251953125,-36.29248046875],[59.552001953125,-36.40185546875],[59.442626953125,-36.35498046875],[59.364501953125,-36.26123046875],[59.348876953125,-36.15185546875],[59.427001953125,-35.99560546875]
MM010	紀念物	燒灰爐炮台	位於民國大馬路	Macau	4	[27.109375,-106.546875],[27.234375,-106.359375],[27.296875,-105.6875],[27.75,-105.5],[27.859375,-105.421875],[27.984375,-105.453125],[28.03125,-105.5625],[27.984375,-105.65625],[28.40625,-106.328125],[27.625,-106.375],[27.140625,-106.5625]
MM011	紀念物	東望洋炮台、聖母雪地殿教堂及燈塔	位於東望洋山	Macau	4	[65.165283203125,-72.88739013671875],[65.352783203125,-72.74676513671875],[65.477783203125,-72.88739013671875],[65.509033203125,-71.74676513671875],[65.727783203125,-71.87176513671875],[65.868408203125,-71.80926513671875],[65.946533203125,-71.93426513671875],[66.774658203125,-71.62176513671875],[66.977783203125,-71.76239013671875],[67.102783203125,-71.99676513671875],[66.634033203125,-72.62176513671875],[66.649658203125,-72.73114013671875],[65.618408203125,-73.71551513671875],[65.509033203125,-73.62176513671875],[65.602783203125,-73.55926513671875]
MM012	紀念物	大炮台（中央炮台）	位於炮兵馬路	Macau	2	[41.84576416015625,-69.91143798828125],[42.37701416015625,-69.84893798828125],[42.39263916015625,-69.98956298828125],[43.97076416015625,-69.77081298828125],[43.97076416015625,-69.66143798828125],[44.68951416015625,-69.42706298828125],[44.73638916015625,-70.13018798828125],[44.54888916015625,-70.13018798828125],[44.36138916015625,-70.20831298828125],[45.33013916015625,-71.72393798828125],[45.50201416015625,-71.63018798828125],[45.42388916015625,-71.53643798828125],[45.53326416015625,-71.44268798828125],[46.11138916015625,-72.08331298828125],[45.17388916015625,-72.27081298828125],[45.14263916015625,-72.03643798828125],[43.11138916015625,-72.39581298828125],[43.15826416015625,-72.67706298828125],[42.72076416015625,-72.66143798828125],[42.64263916015625,-72.22393798828125],[42.86138916015625,-72.13018798828125],[42.22076416015625,-70.41143798828125],[42.03326416015625,-70.45831298828125]
MM013	紀念物	聖地牙哥炮台	位於媽閣上街	Macau	2	[8.2774658203125,-116.94683837890625],[8.6837158203125,-117.00933837890625],[8.6680908203125,-117.13433837890625],[8.9337158203125,-117.38433837890625],[9.2774658203125,-117.54058837890625],[9.6212158203125,-118.39996337890625],[9.5587158203125,-118.49371337890625],[9.7462158203125,-118.83746337890625],[9.6524658203125,-118.91558837890625],[9.1680908203125,-118.91558837890625],[8.8243408203125,-118.97808837890625],[8.5274658203125,-119.27496337890625],[8.4180908203125,-118.82183837890625],[8.5430908203125,-118.60308837890625],[8.3399658203125,-118.16558837890625],[8.2149658203125,-118.13433837890625],[8.1055908203125,-118.08746337890625],[8.0587158203125,-117.96246337890625],[8.0274658203125,-117.77496337890625]
MM014	紀念物	馬交石炮台	位於馬交石炮台馬路	Macau	1	[83.191162109375,-50.43475341796875],[83.409912109375,-50.82537841796875],[83.753662109375,-50.68475341796875],[83.988037109375,-50.62225341796875],[84.050537109375,-50.51287841796875],[84.019287109375,-50.38787841796875],[83.878662109375,-50.29412841796875],[83.691162109375,-50.29412841796875],[83.613037109375,-50.26287841796875],[83.253662109375,-50.40350341796875]
MM015	紀念物	聖方濟各（加思欄）炮台及兵營	位於加思欄馬路	Macau	2	[50.74072265625,-87.783935546875],[52.70947265625,-86.096435546875],[52.89697265625,-86.299560546875],[53.03759765625,-86.252685546875],[53.55322265625,-86.846435546875],[53.22509765625,-87.112060546875],[52.89697265625,-86.721435546875],[51.42822265625,-88.065185546875],[51.74072265625,-88.440185546875],[52.60009765625,-87.768310546875],[52.50634765625,-87.643310546875],[52.89697265625,-87.283935546875],[53.19384765625,-87.612060546875],[52.89697265625,-88.096435546875],[52.47509765625,-88.440185546875],[52.55322265625,-88.533935546875],[52.10009765625,-88.908935546875],[52.03759765625,-88.862060546875],[50.94384765625,-89.830810546875],[50.95947265625,-90.487060546875],[51.16259765625,-90.440185546875],[51.28759765625,-90.533935546875],[51.31884765625,-90.674560546875],[51.28759765625,-90.815185546875],[51.19384765625,-90.955810546875],[51.06884765625,-91.033935546875],[50.88134765625,-91.033935546875],[50.77197265625,-90.955810546875],[50.35009765625,-90.971435546875],[49.95947265625,-90.690185546875],[49.72509765625,-90.737060546875],[49.61572265625,-90.612060546875],[49.55322265625,-90.502685546875],[49.61572265625,-90.283935546875],[49.77197265625,-90.127685546875],[49.86572265625,-90.127685546875],[50.45947265625,-88.987060546875],[51.20947265625,-88.315185546875]
MM016	紀念物	關閘拱門	位於關閘廣場	Macau	2	[64.17626953125,-9.60174560546875],[64.83251953125,-9.86737060546875],[64.80126953125,-9.94549560546875],[64.14501953125,-9.67987060546875]
MM017	紀念物	政府總部（原總督府舊址）	位於南灣馬路	Macau	4	[30.22149658203125,-93.05950927734375],[30.89337158203125,-93.46575927734375],[30.83087158203125,-93.55950927734375],[31.64337158203125,-94.10638427734375],[31.12774658203125,-94.90325927734375],[29.65899658203125,-93.91888427734375]
MM018	紀念物	市政署大樓（原市政廰舊址）	位於亞美打庇盧大馬路／新馬路163號	Macau	5	[35.27130126953125,-82.474365234375],[36.20880126953125,-83.443115234375],[35.34942626953125,-84.208740234375],[34.47442626953125,-83.489990234375],[34.39630126953125,-83.099365234375],[34.28692626953125,-83.114990234375],[34.25567626953125,-82.974365234375],[34.78692626953125,-82.739990234375],[34.78692626953125,-82.693115234375]
MM019	紀念物	澳門仁慈堂大樓	位於議事亭前地16號	Macau	3	[37.03692626953125,-81.958740234375],[37.38067626953125,-81.427490234375],[37.80255126953125,-81.708740234375],[37.47442626953125,-82.239990234375]
MM020	紀念物	媽祖閣（媽閣廟）	位於媽閣廟前地	Macau	4	[10.4375,-105.28125],[10.46875,-105.1875],[10.6875,-105.046875],[10.8125,-105.109375],[10.953125,-105.21875],[11.140625,-105.15625],[11.234375,-105.296875],[11.296875,-105.4375],[11.515625,-105.5],[11.703125,-105.34375],[12,-105.53125],[12,-105.609375],[11.890625,-105.765625],[11.84375,-105.796875],[12.015625,-105.8125],[12.078125,-105.90625],[12.046875,-106.125],[12,-106.40625],[11.875,-106.65625],[11.6875,-106.859375],[11.515625,-106.984375],[11.625,-107.671875],[11.078125,-107.78125],[10.859375,-107.78125],[10.609375,-107.890625],[10.0625,-106.78125],[9.984375,-105.9375],[10.109375,-105.8125],[10.078125,-105.640625],[10.203125,-105.640625],[10.25,-105.4375],[10.4375,-105.328125]
MM021	紀念物	康真君廟（康公廟）	位於康公廟前地	Macau	3	[30.2772216796875,-71.4210205078125],[31.0272216796875,-71.8897705078125],[30.9647216796875,-71.9835205078125],[31.1834716796875,-72.1710205078125],[31.0897216796875,-72.3741455078125],[31.0584716796875,-72.3428955078125],[30.8709716796875,-72.5460205078125],[30.0584716796875,-71.9522705078125],[29.9334716796875,-71.8585205078125],[29.8865966796875,-71.7178955078125],[29.8865966796875,-71.5772705078125],[29.9959716796875,-71.4522705078125],[30.1834716796875,-71.3897705078125]
MM022	紀念物	觀音古廟（觀音仔）	位於美副將大馬路	Macau	3	[60.07635498046875,-41.196044921875],[60.76385498046875,-41.539794921875],[60.40447998046875,-42.336669921875],[59.77947998046875,-41.774169921875]
MM023	紀念物	普濟禪院（觀音堂）	位於美副將大馬路	Macau	3	[66.7325439453125,-47.58056640625],[68.2325439453125,-45.73681640625],[68.6387939453125,-46.04931640625],[69.2637939453125,-45.45556640625],[68.9200439453125,-45.14306640625],[69.5762939453125,-44.54931640625],[70.2637939453125,-44.42431640625],[70.4512939453125,-44.89306640625],[70.3575439453125,-45.08056640625],[70.3575439453125,-45.26806640625],[70.4512939453125,-45.61181640625],[71.1387939453125,-45.67431640625],[69.8887939453125,-48.17431640625],[69.5137939453125,-47.98681640625],[68.7637939453125,-48.86181640625],[69.2325439453125,-49.26806640625],[68.9200439453125,-49.76806640625],[67.6387939453125,-48.73681640625],[67.8262939453125,-48.54931640625],[66.7012939453125,-47.51806640625],[68.2950439453125,-45.79931640625]
MM024	紀念物	蓮峯廟	位於罅些喇提督大馬路／提督馬路	Macau	2	[58.30145263671875,-31.049560546875],[59.56707763671875,-28.487060546875],[59.94207763671875,-28.643310546875],[60.02020263671875,-28.455810546875],[60.16082763671875,-28.393310546875],[62.02020263671875,-28.940185546875],[61.84832763671875,-31.080810546875],[60.94207763671875,-30.971435546875],[60.72332763671875,-30.924560546875],[60.48895263671875,-31.002685546875],[60.30145263671875,-31.080810546875],[60.00457763671875,-31.065185546875],[59.95770263671875,-31.143310546875],[59.66082763671875,-31.158935546875],[59.59832763671875,-31.065185546875],[59.36395263671875,-31.049560546875],[59.25457763671875,-30.971435546875],[59.12957763671875,-30.799560546875],[58.94207763671875,-30.799560546875],[58.72332763671875,-30.955810546875],[58.77020263671875,-31.049560546875],[58.67645263671875,-31.174560546875],[58.59832763671875,-31.190185546875]
MM025	紀念物	哪咤古廟（柿山）	位於哪咤廟斜巷	Macau	2	[43.29437255859375,-76.3934326171875],[43.82562255859375,-76.1278076171875],[43.82562255859375,-76.0496826171875],[43.91937255859375,-76.0496826171875],[43.96624755859375,-75.7684326171875],[44.09124755859375,-75.7371826171875],[44.09124755859375,-76.0809326171875],[44.05999755859375,-76.1434326171875]
MM026	紀念物	哪咤廟（大三巴）	位於聖方濟各斜巷／大三巴斜巷	Macau	2	[38.81097412109375,-68.868408203125],[38.93597412109375,-68.743408203125],[38.99847412109375,-68.852783203125],[38.88909912109375,-68.962158203125]
MM027	紀念物	南山廟、包公廟、醫靈廟及呂祖仙院	位於福慶街	Macau	3	[41.65228271484375,-65.1585693359375],[42.73040771484375,-65.0179443359375],[42.90228271484375,-65.8304443359375],[42.27728271484375,-65.9085693359375],[42.23040771484375,-65.5023193359375],[41.94915771484375,-65.5491943359375],[41.91790771484375,-65.5491943359375],[41.88665771484375,-65.4241943359375],[41.80853271484375,-65.3929443359375],[41.66790771484375,-65.3929443359375]
MM028	紀念物	蓮溪新廟	位於大纜巷	Macau	1	[44.6566162109375,-55.64239501953125],[45.5159912109375,-55.34552001953125],[45.6566162109375,-55.75177001953125],[45.3441162109375,-55.86114501953125],[45.4691162109375,-56.17364501953125],[44.9066162109375,-56.36114501953125]
MM029	紀念物	仁德堂公所（魯班師傅廟）	位於白灰街	Macau	2	[54.5048828125,-77.8826904296875],[54.7861328125,-78.0545654296875],[54.7080078125,-78.1483154296875],[54.4423828125,-77.9920654296875]
MM030	紀念物	天后古廟	位於漁翁街	Macau	1	[91.3433837890625,-47.23590087890625],[92.6558837890625,-47.00152587890625],[92.6402587890625,-47.23590087890625],[92.9683837890625,-47.34527587890625],[93.0933837890625,-47.59527587890625],[93.0777587890625,-47.89215087890625],[92.9683837890625,-48.09527587890625],[92.7496337890625,-48.25152587890625],[92.6715087890625,-48.28277587890625],[92.7027587890625,-48.42340087890625],[92.2965087890625,-48.26715087890625],[92.3590087890625,-48.20465087890625],[92.1871337890625,-47.95465087890625],[92.0152587890625,-47.76715087890625],[91.8590087890625,-47.72027587890625],[91.6090087890625,-47.67340087890625],[91.3746337890625,-47.61090087890625]
MM031	紀念物	三街會館（關帝古廟）	位於公局新市南街	Macau	2	[34.994384765625,-80.82244873046875],[35.181884765625,-80.66619873046875],[35.385009765625,-80.91619873046875],[35.166259765625,-81.08807373046875]
MM032	紀念物	土地古廟（沙梨頭）	位於麻子街	Macau	1	[35.43408203125,-54.80712890625],[35.62158203125,-54.76025390625],[35.68408203125,-54.85400390625],[36.80908203125,-54.99462890625],[36.87158203125,-55.04150390625],[36.79345703125,-55.26025390625],[36.91845703125,-55.40087890625],[36.90283203125,-55.55712890625],[36.91845703125,-55.82275390625],[36.85595703125,-55.94775390625],[36.80908203125,-55.85400390625],[36.73095703125,-55.83837890625],[36.51220703125,-55.54150390625],[36.29345703125,-55.55712890625],[36.16845703125,-55.57275390625],[36.04345703125,-55.51025390625],[35.68408203125,-55.74462890625],[35.52783203125,-55.40087890625],[35.68408203125,-55.19775390625],[35.68408203125,-55.10400390625],[35.46533203125,-55.13525390625],[35.48095703125,-54.86962890625]
MM033	紀念物	城牆遺跡（聖方濟各斜巷一段）	位於聖方濟各斜巷／大三巴斜巷	Macau	1	[38.328125,-69.203125],[38.703125,-68.84375],[38.734375,-68.90625],[38.390625,-69.265625]
MM034	紀念物	賈梅士洞	位於白鴿巢公園	Macau	1	[34.508544921875,-59.34490966796875],[34.617919921875,-59.15740966796875],[34.696044921875,-59.11053466796875],[34.727294921875,-59.18865966796875],[34.680419921875,-59.26678466796875],[34.711669921875,-59.31365966796875],[34.727294921875,-59.36053466796875],[34.711669921875,-59.42303466796875],[34.586669921875,-59.39178466796875]
MM035	紀念物	刻有葡國徽號的石塊（蓮峯廟旁）	位於拱形馬路／關閘馬路	Macau	1	[59.9168701171875,-28.65277099609375],[60.0106201171875,-28.48089599609375],[60.0887451171875,-28.43402099609375],[60.2762451171875,-28.43402099609375],[60.2293701171875,-28.55902099609375],[60.1512451171875,-28.76214599609375],[59.9324951171875,-28.66839599609375]
MM036	紀念物	刻有葡國徽號的石塊（望廈馬交石斜坡旁）	位於馬交石斜坡／黑沙環斜路	Macau	1	[70.572998046875,-41.7135009765625],[70.713623046875,-41.6353759765625],[70.760498046875,-41.7291259765625],[70.588623046875,-41.7916259765625]
MM037	紀念物	雀仔園福德祠	位於澳門馬大臣街與羅憲新街交界	Macau	2	[51.34619140625,-78.53216552734375],[51.47119140625,-78.32904052734375],[51.61181640625,-78.39154052734375],[51.48681640625,-78.59466552734375]
MM038	紀念物	福德祠（大碼頭街）	位於澳門大碼頭街	Macau	1	[32.39434814453125,-69.74713134765625],[32.53497314453125,-69.71588134765625],[32.55059814453125,-69.82525634765625],[32.39434814453125,-69.84088134765625]
MM039	紀念物	福德祠（石牆街）	位於澳門石牆街34號	Macau	1	[38.357666015625,-60.61627197265625],[38.513916015625,-60.60064697265625],[38.545166015625,-60.67877197265625],[38.388916015625,-60.75689697265625]
MM040	紀念物	福德祠（河邊新街）	位於澳門河邊新街131號	Macau	1	[18.27093505859375,-90.907470703125],[18.98968505859375,-91.329345703125],[18.88031005859375,-91.501220703125],[18.17718505859375,-91.094970703125]
MM041-1	紀念物	城牆遺跡，近澳門加思欄馬路		Macau	1	[54.265625,-85.65625],[54.5625,-85.140625],[54.59375,-85.203125],[54.90625,-84.609375],[54.859375,-84.59375],[54.953125,-84.453125],[55.03125,-84.484375],[54.34375,-85.6875]
MM041-2	紀念物	城牆遺跡，近澳門若憲馬路		Macau	1	[56.48077392578125,-78.42669677734375],[56.54327392578125,-78.31732177734375],[56.63702392578125,-78.44232177734375],[56.59014892578125,-78.48919677734375]
MM041-3	紀念物	城牆遺跡，近澳門西望洋聖堂		Macau	3	[23.31488037109375,-104.761962890625],[24.03363037109375,-104.933837890625],[23.98675537109375,-105.043212890625],[23.25238037109375,-104.840087890625]
MM042	紀念物	中西藥局舊址	位於澳門草堆街80號	Macau	2	[35.17755126953125,-75.06622314453125],[35.50567626953125,-74.30059814453125],[35.67755126953125,-74.39434814453125],[35.39630126953125,-74.92559814453125],[35.42755126953125,-74.94122314453125],[35.33380126953125,-75.11309814453125]
MM043	紀念物	葉挻將軍故居	位於澳門賈伯樂提督街76號	Macau	2	[56.290771484375,-58.7711181640625],[56.525146484375,-58.6148681640625],[56.884521484375,-59.0367431640625],[56.697021484375,-59.1929931640625]
MM044	紀念物	更館（沙梨頭）	位於澳門麻子街52-54號	Macau	1	[35.47271728515625,-54.8402099609375],[35.61334228515625,-54.7933349609375],[35.69146728515625,-55.0902099609375],[35.53521728515625,-55.1370849609375]
MM045	紀念物	先鋒廟	位於鄰近澳門連勝巷的土地	Macau	1	[54.74432373046875,-40.52752685546875],[55.21307373046875,-40.63690185546875],[55.13494873046875,-40.82440185546875],[54.69744873046875,-40.71502685546875]
MM046	紀念物	聖保祿學院遺址（圍牆遺跡，高園街一段）	位於澳門高園街35號	Macau	1	[42.62158203125,-67.0601806640625],[42.69970703125,-67.0445556640625],[42.73095703125,-67.4820556640625],[42.62158203125,-67.5133056640625]
MT001	紀念物	嘉模聖母堂	位於嘉模前地	Taipa	2	[106.82012939453125,-83.46124267578125],[107.80450439453125,-82.32061767578125],[107.97637939453125,-82.46124267578125],[108.17950439453125,-82.38311767578125],[108.21075439453125,-82.52374267578125],[108.30450439453125,-82.60186767578125],[108.44512939453125,-82.63311767578125],[108.38262939453125,-82.82061767578125],[108.55450439453125,-83.00811767578125],[107.53887939453125,-84.10186767578125]
MT002	紀念物	觀音堂（氹仔）	位於施督憲正街	Taipa	1	[102.41387939453125,-84.11749267578125],[102.53887939453125,-84.02374267578125],[102.82012939453125,-84.41436767578125],[102.63262939453125,-84.49249267578125]
MT003	紀念物	觀音岩（氹仔東北馬路）	位於氹仔東北馬路	Taipa	2	[93.609375,-24.3125],[93.796875,-24.34375],[93.828125,-24.25],[93.953125,-24.25],[93.9375,-24.375],[94.1875,-24.421875],[94.234375,-24.703125],[94.15625,-24.703125],[94.125,-24.859375],[93.71875,-24.8125],[93.765625,-24.609375],[93.59375,-24.578125]
MT004	紀念物	醫靈廟	位於施督憲正街	Taipa	1	[106.140625,-80.921875],[106.28125,-80.75],[107.140625,-81.25],[106.984375,-81.4375]
MT005	紀念物	北帝廟	位於嘉妹前地	Taipa	1	[91.41070556640625,-87.38873291015625],[91.78570556640625,-86.99810791015625],[92.52008056640625,-87.74810791015625],[92.14508056640625,-88.10748291015625]
MT006	紀念物	天后宮	位於巴波沙總督街	Taipa	1	[91.99407958984375,-90.13446044921875],[92.80657958984375,-89.75946044921875],[93.00970458984375,-90.13446044921875],[92.18157958984375,-90.52508544921875]
MT007	紀念物	三婆廟	位於飛能便度街	Taipa	3	[110.847412109375,-72.31024169921875],[111.066162109375,-71.82586669921875],[111.394287109375,-71.98211669921875],[111.253662109375,-72.49774169921875],[111.144287109375,-72.45086669921875],[111.066162109375,-72.66961669921875],[110.863037109375,-72.52899169921875],[110.941162109375,-72.35711669921875]
MT008	紀念物	關帝殿及天后宮	位於天津街	Taipa	2	[105.892822265625,-37.31427001953125],[106.299072265625,-36.82989501953125],[106.642822265625,-37.15802001953125],[106.205322265625,-37.61114501953125]
MT009	紀念物	氹仔炮台	位於盧伯德圓形地	Taipa	2	[24.038818359375,-63.15972900390625],[24.398193359375,-63.08160400390625],[24.257568359375,-62.05035400390625],[24.757568359375,-61.92535400390625],[25.007568359375,-61.75347900390625],[25.273193359375,-61.72222900390625],[25.085693359375,-62.09722900390625],[25.085693359375,-62.42535400390625],[25.304443359375,-63.26910400390625],[25.476318359375,-63.30035400390625],[25.570068359375,-63.31597900390625],[25.710693359375,-63.39410400390625],[25.679443359375,-63.45660400390625],[25.757568359375,-63.67535400390625],[25.913818359375,-63.80035400390625],[26.054443359375,-63.84722900390625],[25.663818359375,-64.40972900390625],[25.710693359375,-64.72222900390625],[25.663818359375,-64.86285400390625],[25.710693359375,-64.98785400390625],[25.132568359375,-65.30035400390625],[24.679443359375,-64.80035400390625],[24.616943359375,-64.37847900390625],[24.273193359375,-64.44097900390625],[23.945068359375,-63.31597900390625],[23.851318359375,-63.26910400390625],[23.835693359375,-63.20660400390625],[23.835693359375,-63.12847900390625],[23.945068359375,-63.06597900390625],[24.023193359375,-63.11285400390625]
MC001	紀念物	聖方濟各堂	位於馬忌士前地	Coloane	2	[11.71875,-77.65625],[11.84375,-77.21875],[12.203125,-77.34375],[12.15625,-77.484375],[12.28125,-77.546875],[12.265625,-77.625],[12.140625,-77.65625],[12.109375,-77.765625]
MC002	紀念物	譚僊聖廟（譚公廟）	位於譚公廟前地	Coloane	1	[7.48919677734375,-86.31903076171875],[8.11419677734375,-86.19403076171875],[8.16107177734375,-86.30340576171875],[8.02044677734375,-86.33465576171875],[8.05169677734375,-86.53778076171875],[7.75482177734375,-86.61590576171875],[7.69232177734375,-86.42840576171875],[7.50482177734375,-86.44403076171875]
MC003	紀念物	天后古廟	位於天后廟前地	Coloane	1	[12.83294677734375,-82.94403076171875],[13.19232177734375,-82.49090576171875],[13.58294677734375,-82.83465576171875],[13.27044677734375,-83.24090576171875]
MC004	紀念物	觀音廟（九澳）	位於九澳村	Coloane	3	[104.7047119140625,-30.94390869140625],[104.7828369140625,-30.83453369140625],[104.9390869140625,-30.97515869140625],[104.8609619140625,-31.08453369140625]
MC005	紀念物	三聖宮	位於船人街	Coloane	2	[10.2039794921875,-71.2994384765625],[10.3133544921875,-71.1744384765625],[10.4539794921875,-71.3150634765625],[10.3289794921875,-71.4244384765625]
MC006	紀念物	大王廟	位於黑沙村	Coloane	2	[60.99371337890625,-67.86761474609375],[61.07183837890625,-67.77386474609375],[61.19683837890625,-67.93011474609375],[61.11871337890625,-68.02386474609375]
MC007	紀念物	觀音古廟（路環）	位於大廟巷	Coloane	2	[11.24615478515625,-80.04473876953125],[11.33990478515625,-79.84161376953125],[11.58990478515625,-79.99786376953125],[11.49615478515625,-80.13848876953125]
AM001	具建築藝術價值的樓宇	禮賓府（原竹仔室總督官邸舊址）	位於聖珊澤馬路／西望洋馬路	Macau	0	[18.66290283203125,-110.5538330078125],[18.72540283203125,-110.3975830078125],[18.64727783203125,-110.3663330078125],[18.75665283203125,-110.1475830078125],[18.99102783203125,-110.2100830078125],[19.00665283203125,-110.1319580078125],[19.58477783203125,-110.3975830078125],[19.49102783203125,-110.5850830078125],[19.63165283203125,-110.6319580078125],[19.58477783203125,-110.7413330078125],[19.42852783203125,-110.7257080078125],[19.41290283203125,-110.8975830078125]
AM002	具建築藝術價值的樓宇	西望洋聖堂及主教私邸	位於鮑公馬路	Macau	0	[21.56658935546875,-103.9156494140625],[21.97283935546875,-103.4625244140625],[22.80096435546875,-104.1812744140625],[22.31658935546875,-104.6812744140625],[21.83221435546875,-104.6187744140625],[21.61346435546875,-104.4156494140625]
AM003	具建築藝術價值的樓宇	聖若瑟修院大樓	位於崗頂前地	Macau	0	[28.92242431640625,-88.4678955078125],[29.31304931640625,-89.2178955078125],[30.43804931640625,-88.5460205078125],[30.35992431640625,-88.3272705078125],[30.26617431640625,-88.3897705078125],[30.17242431640625,-88.2803955078125],[29.64117431640625,-88.6085205078125],[29.25054931640625,-88.1553955078125]
AM004	具建築藝術價值的樓宇	東方基金會會址（原賈梅士花園房屋舊址）	位於白鴿巢前地13號	Macau	0	[35.8125,-60.643798828125],[36.0625,-60.565673828125],[35.984375,-59.737548828125],[36.46875,-59.675048828125],[36.796875,-60.784423828125],[36.546875,-60.800048828125],[36.546875,-60.925048828125],[36.46875,-60.956298828125],[36.5,-61.050048828125],[36.421875,-61.096923828125],[36.421875,-61.175048828125],[36.5,-61.190673828125],[36.53125,-61.268798828125],[36.53125,-61.346923828125],[36.4375,-61.346923828125],[36.359375,-61.409423828125],[36.3125,-61.331298828125],[36.28125,-61.284423828125],[36.3125,-61.159423828125],[36.28125,-61.096923828125],[36.21875,-61.128173828125],[36.21875,-61.050048828125],[36.109375,-61.096923828125],[36.0625,-61.003173828125],[35.90625,-61.034423828125],[35.78125,-60.628173828125],[36.078125,-60.534423828125]
AM005	具建築藝術價值的樓宇	何東圖書館大樓	位於崗頂前地3號	Macau	0	[29.5643310546875,-86.1356201171875],[30.1268310546875,-85.7762451171875],[30.4237060546875,-86.1824951171875],[30.1112060546875,-86.4168701171875],[29.8924560546875,-86.1824951171875],[29.6893310546875,-86.3231201171875]
AM006	具建築藝術價值的樓宇	陸軍俱樂部大樓	位於南灣大馬路975號	Macau	0	[49.429931640625,-88.26708984375],[50.039306640625,-88.22021484375],[50.086181640625,-89.06396484375],[49.867431640625,-89.43896484375],[49.523681640625,-89.45458984375]
AM007	具建築藝術價值的樓宇	海事及水務局大樓（原摩爾兵營舊址）	位於媽閣斜巷／萬里長城	Macau	0	[13.596923828125,-102.8050537109375],[14.940673828125,-101.3831787109375],[15.659423828125,-102.1019287109375],[15.190673828125,-102.6175537109375],[15.284423828125,-102.7269287109375],[14.956298828125,-103.0706787109375],[14.831298828125,-102.9925537109375],[14.346923828125,-103.4925537109375]
AM008	具建築藝術價值的樓宇	消防局大樓	位於連勝馬路	Macau	0	[46.83599853515625,-61.14794921875],[47.91412353515625,-60.61669921875],[48.10162353515625,-60.81982421875],[46.86724853515625,-61.44482421875]
AM009	具建築藝術價值的樓宇	郵政局總部大樓	位於亞美打利庇盧大馬路／新馬路126號	Macau	0	[36.87518310546875,-83.291748046875],[37.54705810546875,-82.619873046875],[37.92205810546875,-83.041748046875],[37.64080810546875,-83.213623046875],[37.62518310546875,-83.385498046875],[37.90643310546875,-83.682373046875],[37.73455810546875,-83.869873046875],[37.89080810546875,-83.979248046875],[37.68768310546875,-84.213623046875]
AM010	具建築藝術價值的樓宇	紅街市大樓	位於罅些喇提督大馬路／提督馬路110號	Macau	0	[50.429743175781255,-44.19024658203125],[51.726618175781255,-43.12774658203125],[52.351618175781255,-43.67462158203125],[51.054743175781255,-44.75274658203125]
AM011	具建築藝術價值的樓宇	春草堂（盧廉若公園）	位於盧廉若公園	Macau	0	[60.469293957031255,-58.68310546875],[60.703668957031255,-58.74560546875],[60.781793957031255,-58.65185546875],[60.875543957031255,-58.65185546875],[60.844293957031255,-58.72998046875],[60.969293957031255,-58.76123046875],[61.016168957031255,-58.72998046875],[61.094293957031255,-58.74560546875],[61.109918957031255,-58.88623046875],[61.297418957031255,-58.97998046875],[61.172418957031255,-59.32373046875],[60.938043957031255,-59.30810546875],[60.828668957031255,-59.38623046875],[60.609918957031255,-59.30810546875],[60.578668957031255,-59.19873046875],[60.328668957031255,-59.08935546875]
AM012	具建築藝術價值的樓宇	大西洋銀行總行大樓	位於亞美打利庇盧大馬路／新馬路22號	Macau	0	[38.730707531250005,-85.29669189453125],[38.933832531250005,-85.14044189453125],[38.793207531250005,-84.93731689453125],[38.918207531250005,-84.89044189453125],[39.402582531250005,-85.43731689453125],[39.277582531250005,-85.56231689453125],[39.433832531250005,-85.74981689453125],[39.574457531250005,-85.65606689453125],[39.605707531250005,-85.49981689453125],[39.808832531250005,-85.90606689453125],[39.496332531250005,-86.07794189453125]
AM013	具建築藝術價值的樓宇	高美士中葡中學大樓（原伯多祿官立小學大樓舊址）	位於士多鳥拜斯大馬路	Macau	0	[61.08154296875,-68.19561767578125],[61.58154296875,-67.49249267578125],[61.48779296875,-67.36749267578125],[61.65966796875,-67.16436767578125],[61.78466796875,-67.25811767578125],[62.34716796875,-66.53936767578125],[62.40966796875,-66.58624267578125],[62.48779296875,-66.49249267578125],[62.59716796875,-66.49249267578125],[62.70654296875,-66.57061767578125],[62.73779296875,-66.61749267578125],[62.75341796875,-66.69561767578125],[62.73779296875,-66.77374267578125],[62.76904296875,-66.83624267578125],[62.64404296875,-67.03936767578125],[62.72216796875,-67.14874267578125],[61.78466796875,-68.39874267578125],[61.59716796875,-68.28936767578125],[61.48779296875,-68.47686767578125],[61.33154296875,-68.52374267578125],[61.23779296875,-68.52374267578125],[61.14404296875,-68.50811767578125],[61.11279296875,-68.47686767578125],[61.05029296875,-68.44561767578125],[61.06591796875,-68.32061767578125],[61.12841796875,-68.21124267578125]
AM014	具建築藝術價值的樓宇	嶺南中學大樓（原快樂別墅舊址）	位於白頭馬路1號	Macau	0	[60.991455078125,-77.203857421875],[61.257080078125,-76.906982421875],[61.303955078125,-76.985107421875],[61.460205078125,-76.813232421875],[61.600830078125,-76.875732421875],[61.663330078125,-76.969482421875],[61.710205078125,-77.063232421875],[61.725830078125,-77.188232421875],[61.710205078125,-77.281982421875],[61.600830078125,-77.281982421875],[61.538330078125,-77.266357421875],[61.585205078125,-77.360107421875],[61.491455078125,-77.469482421875],[61.444580078125,-77.422607421875],[61.444580078125,-77.563232421875],[61.397705078125,-77.594482421875],[61.366455078125,-77.610107421875],[61.272705078125,-77.594482421875],[61.194580078125,-77.672607421875],[60.897705078125,-77.438232421875],[61.038330078125,-77.313232421875]
AM015	具建築藝術價值的樓宇	培道中學大樓（南灣分校）	位於南灣大馬路779號	Macau	0	[45.2833251953125,-84.1300048828125],[45.9708251953125,-84.1456298828125],[45.9552001953125,-84.6456298828125],[45.2677001953125,-84.6143798828125]
AM016	具建築藝術價值的樓宇	培正中學行政樓（原盧廉若私邸舊址）	位於高士德大馬路7號	Macau	0	[61.14361572265625,-57.97259521484375],[61.25299072265625,-58.03509521484375],[61.25299072265625,-58.00384521484375],[61.37799072265625,-58.03509521484375],[61.36236572265625,-58.09759521484375],[61.54986572265625,-58.16009521484375],[61.56549072265625,-58.09759521484375],[61.65924072265625,-58.11322021484375],[61.65924072265625,-58.16009521484375],[61.76861572265625,-58.20697021484375],[61.89361572265625,-57.91009521484375],[61.94049072265625,-57.91009521484375],[61.98736572265625,-57.89447021484375],[62.00299072265625,-57.83197021484375],[62.00299072265625,-57.78509521484375],[61.98736572265625,-57.73822021484375],[61.95611572265625,-57.73822021484375],[62.06549072265625,-57.44134521484375],[61.48736572265625,-57.20697021484375],[61.45611572265625,-57.34759521484375],[61.47174072265625,-57.34759521484375],[61.47174072265625,-57.42572021484375],[61.34674072265625,-57.44134521484375],[61.33111572265625,-57.56634521484375],[61.28424072265625,-57.66009521484375],[61.23736572265625,-57.64447021484375],[61.14361572265625,-57.92572021484375],[61.17486572265625,-57.92572021484375],[61.14361572265625,-57.97259521484375]
AM017	具建築藝術價值的樓宇	原利瑪竇中學附屬小學大樓舊址	位於西灣街19、21號	Macau	0	[27.95501708984375,-102.48779296875],[27.98626708984375,-102.37841796875],[28.11126708984375,-102.42529296875],[28.23626708984375,-102.15966796875],[28.14251708984375,-102.12841796875],[28.47064208984375,-101.55029296875],[28.54876708984375,-101.58154296875],[28.62689208984375,-101.44091796875],[28.58001708984375,-101.39404296875],[28.61126708984375,-101.33154296875],[28.79876708984375,-101.39404296875],[28.70501708984375,-101.67529296875],[28.79876708984375,-101.72216796875],[28.83001708984375,-101.64404296875],[28.89251708984375,-101.64404296875],[28.93939208984375,-101.64404296875],[28.95501708984375,-101.69091796875],[28.95501708984375,-101.76904296875],[29.03314208984375,-101.78466796875],[28.97064208984375,-101.95654296875],[29.04876708984375,-102.01904296875],[28.93939208984375,-102.28466796875],[28.86126708984375,-102.25341796875],[28.76751708984375,-102.40966796875],[28.70501708984375,-102.37841796875],[28.65814208984375,-102.39404296875],[28.58001708984375,-102.39404296875],[28.53314208984375,-102.36279296875],[28.53314208984375,-102.28466796875],[28.43939208984375,-102.25341796875],[28.34564208984375,-102.44091796875],[28.84564208984375,-102.73779296875],[28.70501708984375,-103.00341796875]
AM018	具建築藝術價值的樓宇	崗頂劇院	位於崗頂前地9號	Macau	0	[30.62017822265625,-87.58837890625],[30.74517822265625,-87.40087890625],[30.57330322265625,-87.30712890625],[30.74517822265625,-87.02587890625],[30.88580322265625,-87.11962890625],[30.99517822265625,-86.97900390625],[32.16705322265625,-87.68212890625],[31.83892822265625,-88.24462890625],[31.87017822265625,-88.29150390625],[31.83892822265625,-88.36962890625],[31.68267822265625,-88.55712890625]
AM019	具建築藝術價值的樓宇	葡萄牙駐澳門及香港總領事館（原白馬行醫院大樓及花園舊址）	位於伯多祿局長街／白馬行45號	Macau	0	[46.63079833984375,-76.46209716796875],[48.00579833984375,-76.08709716796875],[48.50579833984375,-76.41522216796875],[48.77142333984375,-77.19647216796875],[48.81829833984375,-77.18084716796875],[48.99017333984375,-77.38397216796875],[49.13079833984375,-77.83709716796875],[47.25579833984375,-78.33709716796875]
AM020	具建築藝術價值的樓宇	葡萄牙駐澳門及香港總領事官邸（原峯景酒店舊址）	位於高可寧紳士街8、10、12號	Macau	0	[25.58221435546875,-106.10540771484375],[25.81658935546875,-105.82415771484375],[25.94158935546875,-105.83978271484375],[26.06658935546875,-105.41790771484375],[26.03533935546875,-105.19915771484375],[26.95721435546875,-105.44915771484375],[26.75408935546875,-106.18353271484375],[25.98846435546875,-105.98040771484375],[25.73846435546875,-106.26165771484375]
AM021	具建築藝術價值的樓宇	金融管理局大樓(原寶血女修會)	位於白頭馬路3號	Macau	0	[61.56512451171875,-76.0465087890625],[61.78387451171875,-75.6871337890625],[61.83074951171875,-75.7340087890625],[61.87762451171875,-75.6558837890625],[62.00262451171875,-75.7496337890625],[62.15887451171875,-75.7183837890625],[62.25262451171875,-75.9215087890625],[62.28387451171875,-75.9215087890625],[62.36199951171875,-75.9683837890625],[62.36199951171875,-76.0308837890625],[62.33074951171875,-76.0933837890625],[62.26824951171875,-76.0933837890625],[62.26824951171875,-76.1715087890625],[62.25262451171875,-76.2496337890625],[62.20574951171875,-76.2965087890625],[62.09637451171875,-76.3746337890625],[61.92449951171875,-76.2652587890625],[61.90887451171875,-76.3121337890625],[61.70574951171875,-76.2027587890625],[61.73699951171875,-76.1715087890625]
AM022	具建築藝術價值的樓宇	青少年展藝館(原助學會大樓舊址)	位於塔石廣場	Macau	0	[56.9736328125,-69.43560791015625],[56.9892578125,-69.34185791015625],[56.9580078125,-69.26373291015625],[57.0361328125,-69.09185791015625],[57.1455078125,-69.15435791015625],[57.1611328125,-69.12310791015625],[57.4892578125,-69.35748291015625],[57.4580078125,-69.40435791015625],[57.5361328125,-69.45123291015625],[57.4580078125,-69.59185791015625],[57.4267578125,-69.54498291015625],[57.3017578125,-69.68560791015625]
AM023	具建築藝術價值的樓宇	原大寧堂舊址	位於十月初五日街	Macau	0	[28.26739501953125,-73.48699951171875],[28.36114501953125,-73.37762451171875],[28.72052001953125,-73.70574951171875],[28.64239501953125,-73.79949951171875]
AM024	具建築藝術價值的樓宇	原鴉片屋舊址	位於火船頭街273號	Macau	0	[23.51446533203125,-81.0863037109375],[23.67071533203125,-80.7425537109375],[24.35821533203125,-81.1331787109375],[24.18634033203125,-81.4456787109375]
AM025	具建築藝術價值的樓宇	原法院大樓舊址	位於南灣大馬路459號	Macau	0	[35.79840087890625,-87.5576171875],[36.97027587890625,-86.6044921875],[37.48590087890625,-87.2294921875],[37.15777587890625,-87.5576171875],[37.23590087890625,-87.6201171875],[36.86090087890625,-87.9951171875],[36.79840087890625,-87.9013671875],[36.47027587890625,-88.2294921875]
AM026	具建築藝術價值的樓宇	原六國飯堂舊址	位於十月初五日街	Macau	0	[28.4583740234375,-74.955810546875],[28.6146240234375,-74.799560546875],[28.3802490234375,-74.408935546875],[28.5521240234375,-74.221435546875],[29.1927490234375,-75.065185546875],[28.9114990234375,-75.377685546875]
AM027	具建築藝術價值的樓宇	鄭家大屋	位於龍頭左巷10號	Macau	0	[18.390380859375,-99.12579345703125],[21.187255859375,-97.29766845703125],[21.515380859375,-98.15704345703125],[20.202880859375,-98.87579345703125],[20.359130859375,-99.20391845703125],[20.140380859375,-99.28204345703125],[20.171630859375,-99.39141845703125],[19.374755859375,-99.73516845703125],[18.968505859375,-99.86016845703125],[18.577880859375,-99.84454345703125]
AM028	具建築藝術價值的樓宇	大堂前地1號房屋	位於大堂前地1號	Macau	0	[40.5164794921875,-81.177978515625],[41.2196044921875,-80.959228515625],[41.2821044921875,-81.318603515625],[40.6102294921875,-81.521728515625]
AM029	具建築藝術價值的樓宇	盧家大屋	位於大堂巷7號	Macau	0	[40.2508544921875,-80.162353515625],[40.9227294921875,-80.006103515625],[41.0164794921875,-80.381103515625],[40.3133544921875,-80.506103515625]
AM030	具建築藝術價值的樓宇	原文第士大宅舊址	位於地厘古工程師馬路	Macau	0	[63.4942626953125,-75.23486328125],[63.4317626953125,-75.14111328125],[63.4786376953125,-74.70361328125],[63.5723876953125,-74.62548828125],[64.0255126953125,-74.70361328125],[63.9630126953125,-75.14111328125],[64.0098876953125,-75.20361328125],[63.9473876953125,-75.28173828125]
AM031	具建築藝術價值的樓宇	南灣大馬路679號房屋	位於南灣大馬路679號	Macau	0	[42.359375,-84.1875],[42.453125,-84.171875],[42.390625,-84],[42.828125,-83.875],[42.875,-84.03125],[42.890625,-84.03125],[42.921875,-84.140625],[42.796875,-84.203125],[42.9375,-84.796875],[42.71875,-84.890625],[42.59375,-84.890625],[42.453125,-84.34375],[42.40625,-84.359375]
AM032	具建築藝術價值的樓宇	水坑尾街165號房屋	位於水坑尾街165號	Macau	0	[47.4210205078125,-79.46435546875],[47.8272705078125,-79.27685546875],[48.0772705078125,-79.69873046875],[47.6866455078125,-79.93310546875]
AM033	具建築藝術價值的樓宇	耶穌會紀念廣場2號房屋	位於耶穌會紀念廣場2號	Macau	0	[39.659912109375,-71.92755126953125],[40.159912109375,-71.89630126953125],[40.175537109375,-72.28692626953125],[39.659912109375,-72.33380126953125]
AM034	具建築藝術價值的樓宇	伯多祿長街24A號,26號,28號,28A號房屋	位於伯多祿局長街	Macau	0	[46.95782470703125,-78.63702392578125],[47.66094970703125,-78.51202392578125],[47.75469970703125,-78.84014892578125],[47.16094970703125,-79.01202392578125]
AM035	具建築藝術價值的樓宇	原怡和洋行舊址	位於西灣街17號	Macau	0	[28.16192626953125,-102.62890625],[28.28692626953125,-102.42578125],[28.86505126953125,-102.72265625],[28.69317626953125,-102.98828125]
AM036	具建築藝術價值的樓宇	民國大馬路6號房屋	位於民國大馬路6號	Macau	0	[20.734375,-109.359375],[20.765625,-109.296875],[20.90625,-109.359375],[20.9375,-109.28125],[20.859375,-109.234375],[21.046875,-108.96875],[21.171875,-109.03125],[21.140625,-109.109375],[21.421875,-109.296875],[21.40625,-109.375],[21.515625,-109.4375],[21.453125,-109.53125],[21.328125,-109.453125],[21.21875,-109.609375]
AM037	具建築藝術價值的樓宇	德生大按	位於十月初五日街	Macau	0	[28.91448974609375,-66.84954833984375],[28.86761474609375,-66.53704833984375],[29.18011474609375,-66.50579833984375],[29.18011474609375,-66.44329833984375],[29.53948974609375,-66.42767333984375],[29.64886474609375,-66.78704833984375]
AM038	具建築藝術價值的樓宇	高陞大按	位於板樟堂街6號	Macau	0	[39.11529541015625,-79.60888671875],[39.42779541015625,-79.57763671875],[39.45904541015625,-79.87451171875],[39.14654541015625,-79.89013671875]
AM039	具建築藝術價值的樓宇	德成按	位於庇山耶街	Macau	0	[31.55926513671875,-77.52166748046875],[31.71551513671875,-77.39666748046875],[31.87176513671875,-77.56854248046875],[31.71551513671875,-77.69354248046875]
AM040	具建築藝術價值的樓宇	人昌按	位於道德巷	Macau	0	[26.04766845703125,-78.4886474609375],[26.34454345703125,-78.3323974609375],[26.46954345703125,-78.5355224609375],[26.20391845703125,-78.6761474609375]
AM041	具建築藝術價值的樓宇	高士德大馬路14,16號	位於高士德大馬路14,16號	Macau	0	[65.14105224609375,-58.17279052734375],[65.70355224609375,-57.56341552734375],[66.09417724609375,-57.92279052734375],[65.54730224609375,-58.51654052734375]
AM042	具建築藝術價值的樓宇	市政牧場舊址及市政狗房	位於澳門罅些喇提督大馬路	Macau	0	[55.56512451171875,-38.09259033203125],[55.83074951171875,-36.95196533203125],[56.19012451171875,-36.31134033203125],[56.37762451171875,-36.40509033203125],[56.06512451171875,-36.96759033203125],[56.61199951171875,-37.07696533203125],[56.34637451171875,-38.15509033203125],[56.44012451171875,-38.17071533203125],[56.40887451171875,-38.31134033203125]
AM043	具建築藝術價值的樓宇	西墳馬路6號房屋(藍屋仔)	位於澳門西墳馬路6號及區華利街9號	Macau	0	[50.33294677734375,-67.0137939453125],[51.14544677734375,-67.0762939453125],[50.98919677734375,-67.7169189453125],[50.48919677734375,-67.6387939453125]
AM044	具建築藝術價值的樓宇	東望洋斜巷6號房屋	位於澳門東望洋斜巷6號	Macau	0	[56.2763671875,-75.45245361328125],[56.5107421875,-74.90557861328125],[56.8857421875,-74.92120361328125],[56.5419921875,-75.57745361328125]
AM045	具建築藝術價值的樓宇	得勝斜巷30號房屋	位於澳門得勝斜巷30號房屋	Macau	0	[66.14556884765625,-64.9510498046875],[66.11431884765625,-64.8885498046875],[66.31744384765625,-64.7479248046875],[66.33306884765625,-64.7791748046875],[66.41119384765625,-64.7322998046875],[66.53619384765625,-64.8416748046875],[66.47369384765625,-64.8729248046875],[66.58306884765625,-64.9979248046875],[66.23931884765625,-65.2635498046875],[66.09869384765625,-65.0291748046875],[66.02056884765625,-65.0291748046875],[65.98931884765625,-64.9666748046875],[66.02056884765625,-64.9041748046875],[66.09869384765625,-64.9354248046875],[66.14556884765625,-64.9354248046875]
AM046	具建築藝術價值的樓宇	得勝斜巷30號房屋	位於澳門得勝斜巷30號房屋	Macau	0	[32.1026611328125,-88.6875],[32.3370361328125,-88.5],[32.4932861328125,-88.796875],[32.4151611328125,-88.84375],[32.4932861328125,-88.984375],[32.3682861328125,-89.0625]
AT001	具建築藝術價值的樓宇	路氹歷史館(原海島市政廳舊址)	位於各利雅施利華街	Taipa	0	[91.51397705078125,-88.95184326171875],[92.79522705078125,-88.42059326171875],[93.13897705078125,-88.85809326171875],[91.76397705078125,-89.51434326171875]
AT002	具建築藝術價值的樓宇	寶信押	位於福隆巷1號	Taipa	0	[94.65460205078125,-87.56121826171875],[94.81085205078125,-87.40496826171875],[95.15460205078125,-87.85809326171875],[95.02960205078125,-87.96746826171875],[94.93585205078125,-87.84246826171875],[94.90460205078125,-87.87371826171875]
AC001	具建築藝術價值的樓宇	路環圖書館	位於十月初五馬路	Coloane	0	[10.5970458984375,-78.09088134765625],[10.9407958984375,-78.16900634765625],[10.8939208984375,-78.34088134765625],[10.9564208984375,-78.35650634765625],[10.8626708984375,-78.59088134765625],[10.5345458984375,-78.46588134765625]
CM001	建築群	亞美打利庇盧大馬路(新馬路),議事亭前地,板樟堂前地		Macau	0	
CM002	建築群	望德堂坊		Macau	0	
CM003	建築群	荷蘭園大馬路89號至95G號		Macau	0	
CM004	建築群	亞婆井前地及龍頭里		Macau	0	
CM005	建築群	崗頂前地		Macau	0	
CM006	建築群	大三巴巷		Macau	0	
CM007	建築群	戀愛巷		Macau	0	
CM008	建築群	福隆新街及福榮里		Macau	0	
CT001	建築群	嘉模前地，海邊馬路		Taipa	0	
CT002	建築群	嘉妹前地，買賣街，客商街，中街		Taipa	0	
CC001	建築群	馬忌士前地,客商街,恩尼斯總統前地		Coloane	0	
SM001	場所	塔石廣場（原美上校操場舊址）		Macau	0	
SM002	場所	媽閣山		Macau	0	
SM003	場所	西望洋山		Macau	0	
SM004	場所	東望洋山		Macau	0	
SM005	場所	馬交石山		Macau	0	
SM006	場所	望廈山		Macau	0	
SM007	場所	青洲山		Macau	0	
SM008	場所	盧廉若公園		Macau	0	
SM009	場所	白鴿巢公園及基督教墳場		Macau	0	
SM010	場所	螺絲山公園		Macau	0	
SM011	場所	加思欄花園		Macau	0	
SM012	場所	得勝花園		Macau	0	
SM013	場所	華士古達嘉馬花園		Macau	0	
SM014	場所	由嘉樂庇總督大橋至聖地牙哥炮台的海旁		Macau	0	
SM015	場所	由龍嵩正街至風順堂街、高樓街、媽閣街、媽閣斜巷的街道		Macau	0	
SM016	場所	柯邦迪前地（司打口）		Macau	0	
SM017	場所	巴斯墓園（白頭墳場）		Macau	0	
SM018	場所	紀念孫中山市政公園		Macau	0	
SM019	場所	聖味基墳場（舊西洋墳場）	位於澳門西墳馬路2A-4號	Macau	0	
SM020	場所	原沙欄仔街市舊址（原泗口孟街市舊址）	位於澳門水雞巷及賣魚巷	Macau	0	
ST001	場所	氹仔市政花園		Taipa	0	
ST002	場所	嘉模墟（原氹仔市政街市舊址）	位於鄰近氹仔施督憲正街的土地	Taipa	0	
SC001	場所	由路環碼頭至譚公廟前地的海旁		Coloane	0	
SC002	場所	路環島海拔高度80米及以上區域		Coloane	0	
SC003	場所	荔枝碗船廠片區	位於路環荔枝碗馬路	Coloane	0	
